{
  "properties": {
    "connectionReferences": {
      "shared_approvals": {
        "runtimeSource": "embedded",
        "connection": {
          "connectionReferenceLogicalName": "new_sharedapprovals_241c6"
        },
        "api": {
          "name": "shared_approvals"
        }
      },
      "shared_commondataserviceforapps": {
        "runtimeSource": "embedded",
        "connection": {
          "connectionReferenceLogicalName": "new_sharedcommondataserviceforapps_dded8"
        },
        "api": {
          "name": "shared_commondataserviceforapps"
        }
      },
      "shared_teams": {
        "runtimeSource": "embedded",
        "connection": {
          "connectionReferenceLogicalName": "new_sharedteams_c0c11"
        },
        "api": {
          "name": "shared_teams"
        }
      }
    },
    "definition": {
      "$schema": "https://schema.management.azure.com/providers/Microsoft.Logic/schemas/2016-06-01/workflowdefinition.json#",
      "contentVersion": "1.0.0.0",
      "parameters": {
        "$connections": {
          "defaultValue": {},
          "type": "Object"
        },
        "$authentication": {
          "defaultValue": {},
          "type": "SecureObject"
        }
      },
      "triggers": {
        "行が追加、変更、または削除された場合": {
          "metadata": {
            "operationMetadataId": "be73260e-8a66-447a-a916-b62dabe6bb69"
          },
          "type": "OpenApiConnectionWebhook",
          "inputs": {
            "host": {
              "connectionName": "shared_commondataserviceforapps",
              "operationId": "SubscribeWebhookTrigger",
              "apiId": "/providers/Microsoft.PowerApps/apis/shared_commondataserviceforapps"
            },
            "parameters": {
              "subscriptionRequest/message": 1,
              "subscriptionRequest/entityname": "cr131_equipment_management",
              "subscriptionRequest/scope": 2
            },
            "authentication": "@parameters('$authentication')"
          }
        }
      },
      "actions": {
        "開始して承認を待機": {
          "runAfter": {
            "管理者メールアドレス設定": [
              "Succeeded"
            ]
          },
          "metadata": {
            "operationMetadataId": "d3fa22e6-4cc5-41f4-b32f-33b4a8ba6f56"
          },
          "type": "OpenApiConnectionWebhook",
          "inputs": {
            "host": {
              "connectionName": "shared_approvals",
              "operationId": "StartAndWaitForAnApproval",
              "apiId": "/providers/Microsoft.PowerApps/apis/shared_approvals"
            },
            "parameters": {
              "approvalType": "Basic",
              "WebhookApprovalCreationInput/title": "備品の持出申請がありました@{triggerOutputs()?['body/cr131_productdetail']}",
              "WebhookApprovalCreationInput/assignedTo": "@{variables('管理者メールアドレス')};",
              "WebhookApprovalCreationInput/details": "新規に備品の持出申請がありました。\n備品カテゴリ：@{triggerBody()['_cr131_equimentcategory_label']}\n商品詳細：@{triggerOutputs()?['body/cr131_productdetail']}\nシリアル番号：@{triggerOutputs()?['body/cr131_sirialnumber']}",
              "WebhookApprovalCreationInput/requestor": "@{triggerOutputs()?['body/cr131_applicant']};",
              "WebhookApprovalCreationInput/enableNotifications": true,
              "WebhookApprovalCreationInput/enableReassignment": true
            },
            "authentication": "@parameters('$authentication')"
          }
        },
        "管理者メールアドレス設定": {
          "runAfter": {},
          "metadata": {
            "operationMetadataId": "ebc78b85-4bf2-4f1f-87fb-98cf93bb6015"
          },
          "type": "InitializeVariable",
          "inputs": {
            "variables": [
              {
                "name": "管理者メールアドレス",
                "type": "string",
                "value": "kobayashi@frog-pod.com"
              }
            ]
          }
        },
        "条件": {
          "actions": {
            "行を更新する": {
              "runAfter": {},
              "metadata": {
                "operationMetadataId": "34125ee2-d3d9-42df-b50a-4b065a5f33f9"
              },
              "type": "OpenApiConnection",
              "inputs": {
                "host": {
                  "connectionName": "shared_commondataserviceforapps",
                  "operationId": "UpdateRecord",
                  "apiId": "/providers/Microsoft.PowerApps/apis/shared_commondataserviceforapps"
                },
                "parameters": {
                  "entityName": "cr131_equipment_managements",
                  "recordId": "@triggerOutputs()?['body/cr131_equipment_managementid']",
                  "item/cr131_withdrawaldate": "@utcNow()"
                },
                "authentication": "@parameters('$authentication')"
              }
            },
            "Apply_to_each": {
              "foreach": "@outputs('開始して承認を待機')?['body/responses']",
              "actions": {
                "チャットまたはチャネルでメッセージを投稿する_2": {
                  "runAfter": {},
                  "metadata": {
                    "operationMetadataId": "b452ec07-8ed6-4c7c-918c-49023a79e59a"
                  },
                  "type": "OpenApiConnection",
                  "inputs": {
                    "host": {
                      "connectionName": "shared_teams",
                      "operationId": "PostMessageToConversation",
                      "apiId": "/providers/Microsoft.PowerApps/apis/shared_teams"
                    },
                    "parameters": {
                      "poster": "Flow bot",
                      "location": "Chat with Flow bot",
                      "body/recipient": "@{outputs('行を更新する')?['body/cr131_applicant']};",
                      "body/messageBody": "<p>[備品持出申請]　備品持出申請が承認されました。<br>\n<br>\n備品カテゴリ：@{triggerBody()['_cr131_equimentcategory_label']}<br>\n商品詳細：@{triggerOutputs()?['body/cr131_productdetail']}<br>\nシリアル番号：@{triggerOutputs()?['body/cr131_sirialnumber']}<br>\n<br>\n@{items('Apply_to_each')?['responder/displayName']}さんにより、承認されました。<br>\n<br>\n承認者からのコメント<br>\n@{items('Apply_to_each')?['comments']}</p>"
                    },
                    "authentication": "@parameters('$authentication')"
                  }
                }
              },
              "runAfter": {
                "行を更新する": [
                  "Succeeded"
                ]
              },
              "metadata": {
                "operationMetadataId": "d82230c6-91ef-42a8-98a7-012c63e9e0a3"
              },
              "type": "Foreach"
            }
          },
          "runAfter": {
            "開始して承認を待機": [
              "Succeeded"
            ]
          },
          "else": {
            "actions": {
              "Apply_to_each_2": {
                "foreach": "@outputs('開始して承認を待機')?['body/responses']",
                "actions": {
                  "チャットまたはチャネルでメッセージを投稿する": {
                    "runAfter": {},
                    "metadata": {
                      "operationMetadataId": "a034d744-e4f4-4b37-9deb-6e4d0de8963e"
                    },
                    "type": "OpenApiConnection",
                    "inputs": {
                      "host": {
                        "connectionName": "shared_teams",
                        "operationId": "PostMessageToConversation",
                        "apiId": "/providers/Microsoft.PowerApps/apis/shared_teams"
                      },
                      "parameters": {
                        "poster": "Flow bot",
                        "location": "Chat with Flow bot",
                        "body/recipient": "@{triggerOutputs()?['body/cr131_applicant']};",
                        "body/messageBody": "<p>[備品持出申請]　備品持出申請が却下されました。<br>\n<br>\n備品カテゴリ：@{triggerBody()['_cr131_equimentcategory_label']}<br>\n商品詳細：@{triggerOutputs()?['body/cr131_productdetail']}<br>\nシリアル番号：@{triggerOutputs()?['body/cr131_sirialnumber']}<br>\n<br>\n@{items('Apply_to_each_2')?['responder/displayName']}さんにより、却下されました。<br>\n<br>\n承認者からのコメント<br>\n@{items('Apply_to_each_2')?['comments']}</p>"
                      },
                      "authentication": "@parameters('$authentication')"
                    }
                  }
                },
                "runAfter": {},
                "metadata": {
                  "operationMetadataId": "34da6578-a66e-421a-8b91-df8c5194b46c"
                },
                "type": "Foreach"
              },
              "行を削除する": {
                "runAfter": {
                  "Apply_to_each_2": [
                    "Succeeded"
                  ]
                },
                "metadata": {
                  "operationMetadataId": "2151271d-6b24-4f4e-a1b5-a895bc19e0f2"
                },
                "type": "OpenApiConnection",
                "inputs": {
                  "host": {
                    "connectionName": "shared_commondataserviceforapps",
                    "operationId": "DeleteRecord",
                    "apiId": "/providers/Microsoft.PowerApps/apis/shared_commondataserviceforapps"
                  },
                  "parameters": {
                    "entityName": "cr131_equipment_managements",
                    "recordId": "@triggerOutputs()?['body/cr131_equipment_managementid']"
                  },
                  "authentication": "@parameters('$authentication')"
                }
              }
            }
          },
          "expression": {
            "equals": [
              "@outputs('開始して承認を待機')?['body/outcome']",
              "Approve"
            ]
          },
          "metadata": {
            "operationMetadataId": "763dc36d-10c5-42bf-b477-c9154e170833"
          },
          "type": "If"
        }
      }
    },
    "templateName": ""
  },
  "schemaVersion": "1.0.0.0"
}